,word,x0,x1
0,,0.020612547,0.0041727126
1,[UNK],-0.02171583,-5.3946427e-05
2,trump,0.94109833,-0.011387165
3,video,-0.23838218,0.01758994
4,to,0.5675743,-0.00033847796
5,the,0.49342206,0.054343645
6,us,0.29401696,0.024479356
7,for,-0.06526517,0.030275553
8,of,0.27758813,-0.026144879
9,in,0.18807954,0.048080795
10,says,-0.011915983,-0.008089188
11,on,-0.120171495,2.5181138e-05
12,a,-0.18697423,0.041670475
13,and,0.13284731,-0.0020737436
14,is,0.036483694,-0.025202874
15,obama,0.619308,-0.04857567
16,with,0.14138724,0.005988317
17,watch,0.20587921,0.017111206
18,house,0.33203396,-0.005530336
19,hillary,-0.18347152,0.009593384
20,new,-0.10843866,0.026344381
21,after,0.082524925,0.019978587
22,about,-0.63396454,-0.011124322
23,his,0.45471224,-0.00083324814
24,clinton,0.43060613,0.0176461
25,president,0.19430208,-0.0052642613
26,white,0.68440056,-0.038045116
27,trump’s,-0.5527841,-0.059915595
28,just,0.06441089,-0.018097386
29,at,0.21647446,-0.05249964
30,by,0.16106795,0.057433438
31,bill,0.1085635,0.019027134
32,from,-0.12661353,-0.014086657
33,this,0.2460696,-0.04601537
34,state,-0.13180074,0.027413419
35,russia,0.34598145,0.027457582
36,who,-0.044706896,-0.06221703
37,he,0.21086392,0.03180813
38,out,-0.48413998,0.01201154
39,republican,0.6858703,0.031327505
40,it,-0.8027976,0.030136222
41,north,0.36502194,-0.011579561
42,over,0.40870154,0.04826402
43,court,0.2302065,-0.00900417
44,her,0.8097097,0.03319562
45,senate,0.18141931,-0.018570445
46,election,0.37722963,0.01159382
47,are,-0.05559593,-0.07286059
48,as,0.03872428,0.012923149
49,him,-0.65666395,0.005934654
50,will,-0.037839513,-0.072871834
51,donald,0.07877386,-0.09190092
52,how,0.13215616,-0.034250483
53,not,-0.20544553,0.023653153
54,korea,0.05333779,-0.019838981
55,why,0.043718595,-0.031644963
56,that,0.072912514,-0.061835673
57,calls,0.22044834,0.08397694
58,breaking,0.15427141,0.048789006
59,vote,-0.11258445,-0.0059964424
60,news,-0.015500755,0.05083722
61,media,0.06666871,0.0036030302
62,police,-0.059277035,-0.051066432
63,black,-0.12946281,0.04793421
64,be,-0.7548931,-0.08759728
65,republicans,0.6157932,0.0023208004
66,tax,0.2933479,0.0049353233
67,campaign,-0.4123962,-0.04334014
68,–,-0.11211605,0.047277734
69,you,-0.06264573,0.026264861
70,muslim,0.4881809,0.010622704
71,gop,-0.29322672,0.03415623
72,was,0.15136825,-0.025328465
73,trumps,0.30856442,0.018943133
74,may,0.4064637,0.07788263
75,has,0.18858524,-0.0002503657
76,one,-0.69946206,0.045885354
77,china,-0.2746856,-0.044101235
78,up,-0.057370882,0.038994916
79,deal,0.15513751,0.013388502
80,obama’s,-0.14174035,-0.04331554
81,democrats,0.022892015,0.03953324
82,gets,-0.26084393,-0.10545485
83,what,2.4189146,-0.06375277
84,former,-0.06633062,0.017590174
85,back,0.08793056,0.04778668
86,tweets,-0.10359158,0.038251597
87,iran,-0.07514184,0.030204756
88,government,0.25524816,-0.031076059
89,down,-0.2247661,0.059713203
90,first,-0.047587726,-0.0069939806
91,fbi,0.035050415,0.0021597191
92,party,-0.2454508,-0.0051343916
93,eu,-0.06500416,0.030126765
94,attack,-0.084605604,0.053848546
95,un,-0.10988511,0.0034934443
96,people,0.32309645,0.011681601
97,talks,0.16698225,0.022553744
98,security,0.6820015,0.037055906
99,russian,0.6255669,-0.0053848685
100,pm,-0.44945666,-0.054383703
101,chief,0.4314735,-0.028029518
102,america,-0.47722015,0.0011944112
103,cnn,-0.15374188,-0.04023315
104,congress,-0.10257868,-0.042203534
105,against,0.101187065,-0.036647495
106,fox,-0.48928756,-0.020706676
107,have,1.1728712,-0.05109847
108,top,0.20643348,-0.025109142
109,syria,0.096339606,0.010967844
110,senator,-0.048857976,0.023960395
111,plan,-0.5847697,-0.00428786
112,no,0.06764698,-0.049786843
113,twitter,-0.062106796,-0.057670623
114,leader,0.5779466,0.008326034
115,tells,1.1652144,-0.0054503423
116,judge,-0.18533754,-0.016480241
117,war,-0.04777184,0.027561221
118,speech,1.0189481,-0.051734366
119,democrat,1.2434446,-0.023819692
120,they,0.098908186,0.017406963
121,ban,0.025095886,-0.049610537
122,law,-0.1901618,0.027590863
123,their,-0.18160164,0.014329097
124,man,-0.35406065,-0.06481606
125,during,0.26549292,0.037434526
126,could,0.11962411,-0.027188776
127,she,-0.21472897,0.043068636
128,minister,-0.20252927,-0.034169257
129,military,0.21196726,0.0068667945
130,it’s,0.32247534,-0.026445167
131,brexit,-0.115118325,-0.029654711
132,say,0.8753065,0.002290346
133,sanders,0.000829039,-0.03589248
134,million,0.11820782,0.059151337
135,shows,0.034283705,-0.040637203
136,makes,0.13892365,0.022475423
137,make,0.24070315,0.026666258
138,would,-0.13380964,-0.0060135256
139,probe,-0.46314803,-0.022125678
140,south,0.04472416,0.00985054
141,more,0.2108451,-0.0076447306
142,report,-0.079008006,-0.005512782
143,racist,-0.15323408,0.027077623
144,when,0.5558841,0.009378858
145,supreme,0.34011945,-0.015916158
146,liberal,-0.0050726524,0.014353435
147,get,0.34635612,-0.0015732389
148,tweet,0.032154504,0.01903078
149,two,-0.22295935,-0.054443184
150,if,0.04678198,-0.022506358
151,border,0.29105413,-0.075064495
152,americans,-0.13657948,-0.028050492
153,like,0.16955815,0.028612094
154,hillary’s,-0.11889689,-0.08608639
155,factbox,-0.37105808,0.056288637
156,governor,-0.06748509,0.048467815
157,foreign,0.1559535,0.031402774
158,goes,0.17032115,0.038953535
159,cruz,0.02649645,0.014660983
160,into,0.0884514,-0.052273702
161,take,-0.09961362,0.038751513
162,official,-0.076693185,-0.004226177
163,nuclear,-0.13094881,0.020314462
164,american,-0.33148012,0.011507169
165,support,-0.0026392732,0.026886709
166,presidential,-0.33895725,-0.02278919
167,host,0.13395216,-0.027496444
168,healthcare,-0.065043375,0.09995202
169,gun,-0.028049719,-0.001481545
170,woman,-0.22652218,-0.055446953
171,wants,0.19162586,0.048299655
172,an,-0.124490134,-0.027070805
173,islamic,-0.20590778,0.016009139
174,day,-0.49088433,-0.03448369
175,sanctions,-0.07878019,0.033158302
176,political,-0.35722727,-0.04224937
177,all,-0.03011977,-0.010811501
178,putin,0.52118313,0.08320268
179,obamacare,-0.1753891,0.007183107
180,rights,0.749752,0.017921358
181,illegal,-0.48831332,0.013365752
182,wow,0.20485139,0.03985751
183,poll,0.122583225,0.0032324158
184,attacks,0.036555246,-0.066385135
185,urges,-0.214571,-0.013962021
186,them,0.79973394,0.058958545
187,fight,0.27138096,-0.032440443
188,being,-0.21534707,-0.030136127
189,want,0.040450063,-0.010094078
190,debate,0.10531684,0.008997748
191,show,0.42294356,0.00345588
192,uk,-0.31593433,0.0006269224
193,rally,-0.025942596,-0.031842988
194,next,-0.6710725,-0.020866219
195,women,0.18101133,-0.04503903
196,bernie,-0.38481987,0.03074814
197,time,0.06690412,0.054085955
198,supporters,-0.44161054,-0.03206243
199,our,0.10530918,0.025577363
200,off,-0.16362971,-0.02795381
201,he’s,-0.011031124,-0.00763735
202,go,-0.017182069,0.0028154855
203,ryan,0.21492843,-0.053629186
204,national,0.03398145,0.005347702
205,german,0.16210249,-0.07761085
206,race,-0.2636001,0.0056616766
207,syrian,0.07684958,-0.03368262
208,meet,0.048882935,-0.004088244
209,response,-0.23041643,0.10069816
210,must,0.028799182,-0.032075614
211,help,0.16240981,-0.03006723
212,crisis,-0.21007533,0.0021981117
213,call,0.024264114,0.00012872367
214,leaders,-0.04609513,7.448999e-05
215,don’t,0.3485323,0.007128073
216,meeting,0.018071292,-0.021515878
217,trade,-0.1110037,-0.0003537028
218,see,-0.03019838,0.013291699
219,policy,-0.014088369,0.0012118933
220,claims,-0.4373106,0.026217075
221,won’t,-0.8182402,-0.021402577
222,visit,0.06428599,-0.011500849
223,school,0.45978624,0.031105407
224,lawmakers,0.23426309,0.00011126592
225,can,-0.005385868,0.008385613
226,budget,-0.18660493,-0.026369225
227,stop,-0.120338544,0.052794244
228,states,0.061681196,-0.020205354
229,so,-0.030107867,-0.008964873
230,mexico,-0.91151214,0.038622353
231,because,0.45286345,-0.032001816
232,your,-0.11842601,0.0007027095
233,students,0.071708165,0.038468577
234,saudi,-0.06117472,-0.052407622
235,going,-0.16078016,-0.011967646
236,antitrump,-0.53652763,0.008021414
237,world,0.46975705,0.009294891
238,warns,-0.65435046,-0.025136938
239,turkey,-0.07743492,0.0041873986
240,refugees,-0.21072905,-0.013719267
241,got,-0.1350904,-0.0017994607
242,details,-0.4891556,-0.0077479277
243,takes,-0.22253835,0.008292608
244,panel,0.009063836,-0.05597735
245,opposition,-0.24651398,-0.04987876
246,big,-0.24092393,0.03969147
247,asks,-0.41944122,-0.09603663
248,killed,0.1499742,0.011086474
249,travel,0.7397,-0.0108087305
250,texas,0.3955392,-0.015689537
251,room,1.1344141,-0.047935687
252,group,-0.075559214,-0.018490123
253,conservative,0.65872616,-0.04139238
254,win,0.21495786,0.01903662
255,while,-0.115606375,-0.035425466
256,ted,-0.19090997,0.02865758
257,most,-0.57654065,-0.036537327
258,hilarious,-0.24759088,-0.014060554
259,gives,0.046808086,-0.024448756
260,defense,0.18021037,0.053794164
261,administration,0.7594782,0.027672008
262,death,0.25006697,-0.02137162
263,climate,-0.36698312,0.03635535
264,candidate,-0.65194964,0.01124327
265,ties,0.45716423,-0.009508472
266,sources,0.36217543,0.014543795
267,before,-0.041563638,-0.035438173
268,we,0.16956848,0.022644278
269,supporter,-0.6715264,0.027075391
270,old,-0.37673435,0.03872467
271,department,0.23622414,-0.035748042
272,plans,-0.6262216,0.036421333
273,did,0.15227622,0.033607427
274,democratic,0.40150142,-0.009373204
275,protesters,0.04439548,-0.03261286
276,case,-0.22222573,0.0276996
277,voters,-0.18946624,-0.13122788
278,still,-0.39536476,0.027329922
279,secretary,-0.3260101,0.0018379203
280,right,-0.47300357,0.014780396
281,officials,-0.13075998,-0.052895416
282,move,0.70930904,0.013575248
283,immigration,-0.053526506,0.06869293
284,head,-1.517699,0.042118113
285,emails,-0.01535539,-0.005060717
286,email,0.23986451,0.02874309
287,arrested,-0.16550665,0.025708208
288,years,-0.4066215,0.0857144
289,tillerson,-0.23159936,0.039518088
290,should,-0.08797338,-0.041392814
291,here’s,-0.26535133,-0.01765031
292,fake,0.11063506,0.0241098
293,air,0.04439816,0.06622205
294,wall,0.13746193,0.047478218
295,really,-0.1617596,0.057898607
296,major,-0.2242184,0.002547368
297,iraq,0.09769288,0.010794292
298,aid,-0.067853086,0.016644426
299,work,0.32151774,0.03689531
300,way,0.22846559,0.029489737
301,reporter,-0.1517781,-0.0069144918
302,reason,-0.56466424,-0.043771453
303,mayor,-0.09916289,0.0429663
304,leftist,-0.73843765,0.02661663
305,left,-0.29053104,-0.06391568
306,free,0.20662493,-0.0021386673
307,but,-0.37476924,0.04303367
308,pick,-0.6364602,-0.038961787
309,interview,0.22910863,0.03290632
310,comey,-0.2416719,-0.019170407
311,money,-0.08584833,0.0071164775
312,john,0.35749352,0.018685794
313,huge,0.39070666,-0.018729236
314,end,0.2591912,0.019271182
315,cops,0.055222336,0.055685654
316,city,-0.11529856,-0.00092352525
317,caught,-0.22017607,-0.023408197
318,shocking,-0.18780823,-0.01193742
319,seeks,0.7813934,-0.006041147
320,rules,-0.32585338,-0.07453271
321,myanmar,-0.0057379124,-0.062236454
322,i,0.33816007,-0.01904382
323,give,-0.018134063,0.034314256
324,than,0.46346122,0.02549233
325,justice,0.27949122,0.04705801
326,general,0.14010893,-0.03860365
327,washington,0.2574014,0.048371494
328,use,0.07275386,0.015050719
329,kill,0.20205256,-0.028010003
330,reform,0.5175862,0.11687858
331,open,-0.57432085,-0.046339516
332,made,0.6395676,0.0055464343
333,live,0.51535636,0.056511242
334,secret,-0.06646738,-0.0032510504
335,presidency,-0.16700238,-0.046636503
336,ahead,-0.0411032,-0.014055886
337,press,0.74287146,0.045908775
338,exclusive,-0.09860506,-0.026718194
339,director,0.18055944,0.018068388
340,business,0.050115675,0.048184976
341,only,0.23768064,-0.022772085
342,office,-0.3273581,-0.057756577
343,federal,0.24865484,0.025567334
344,do,0.13887644,0.016622303
345,can’t,0.21980481,0.026965022
346,violence,-0.023705428,0.040522706
347,truth,-0.21467532,-0.03830536
348,paul,-0.2628249,0.03671862
349,high,-0.121713705,0.07068389
350,said,-0.098832175,0.063519694
351,run,-0.23265567,-0.025763858
352,george,-0.29959008,0.08227987
353,year,0.10462689,-0.035636853
354,sexual,0.017836332,0.08890787
355,lives,0.01725737,-0.023866318
356,list,0.029066598,-0.055515368
357,boiler,0.07186813,-0.0659734
358,last,-0.46784365,-0.026201734
359,home,-0.42714733,0.011099115
360,dnc,-0.3599514,-0.023699317
361,conservatives,0.16924718,-0.010410762
362,social,0.044169057,0.0817339
363,push,0.14994581,0.062053904
364,own,-0.3579417,-0.082443446
365,now,0.036907207,-0.010877404
366,need,0.06270665,-0.010423795
367,merkel,-0.42046955,-0.05677145
368,lie,0.3548975,-0.0014813334
369,lawyer,0.18596852,-0.07198987
370,investigation,0.30398202,-0.02772631
371,germany,-0.33324963,-0.020158358
372,florida,0.55281115,-0.014689804
373,threatens,0.15723015,-0.015546399
374,family,0.123725265,0.02210985
375,dead,-0.085931234,0.01515609
376,change,-0.08190743,-0.008581783
377,york,0.11888917,-0.05225881
378,speaker,-0.028415298,0.012404681
379,nominee,-0.2796937,-0.020580888
380,lawmaker,-0.21712542,-0.007529175
381,key,-0.3501391,-0.053556778
382,image,0.15116645,-0.10002698
383,health,-0.6489946,0.008107832
384,coalition,-0.09699772,-0.033976328
385,threat,-0.29935548,-0.0074184067
386,shooting,-0.18788017,0.046821706
387,protest,-0.9583543,-0.024981966
388,order,-0.13004555,-0.02928548
389,college,0.09080246,0.011605438
390,britain,0.030576564,-0.020123197
391,boom,-0.31773996,0.04275983
392,army,-0.13078284,-0.017022464
393,tv,0.22825176,0.015133092
394,puerto,-0.03295834,0.017385399
395,fire,-0.34281603,0.058690157
396,another,-0.28006214,-0.005178848
397,voter,-0.30436218,-0.0370603
398,lies,0.11619842,0.035473604
399,isis,0.30212528,-0.033113092
400,times,0.056498166,0.01983859
401,team,-0.04409915,-0.0492257
402,muslims,0.08541313,0.056871332
403,job,-0.16843435,0.0044738576
404,destroys,-0.03892338,0.070226714
405,told,0.14818518,-0.05379856
406,rohingya,-0.48207307,0.034579713
407,post,0.64727855,-0.02973243
408,japan,0.122305386,0.040673327
409,forces,-0.033866882,-0.025076918
410,force,-0.33840117,0.03202879
411,flag,-0.015017902,0.004464897
412,ever,0.7398069,-0.029974895
413,ep,-1.8099849,-0.00035125617
414,decision,-0.2312888,0.0052894005
415,billion,0.30759647,0.05445191
416,ready,0.0892375,-0.016911622
417,jerusalem,0.10999337,-0.0053923978
418,face,0.01870545,-0.011418468
419,control,-0.0914813,-0.03725001
420,senators,0.27011034,-0.0010362829
421,release,-0.03137734,0.021506375
422,message,0.4888202,-0.00778388
423,bomb,-0.26277396,0.05867107
424,bid,0.22404848,-0.028517062
425,adviser,-0.106326126,-0.05886235
426,2016,-0.06837115,0.010857117
427,peace,0.048861403,-0.07522307
428,never,0.17591666,-0.03037612
429,lol,0.09623669,-0.0020029366
430,great,-1.1616174,0.035771746
431,blasts,-1.5397857,0.0045369505
432,attorney,0.5091763,0.00994514
433,again,-0.33684584,0.021819977
434,trying,-0.29399702,0.03978201
435,statement,0.28223473,-0.034011435
436,pence,0.19322012,-0.083991654
437,mccain,0.1854477,-0.020625958
438,macron,0.3076886,0.019090379
439,keep,-0.20045966,0.039502267
440,intelligence,-0.2404782,0.0010278623
441,independence,0.07877152,-0.022915224
442,france,0.02560231,0.00675394
443,discuss,-0.2636709,0.04357151
444,terror,0.31863597,0.041728765
445,rico,0.031715665,-0.02432581
446,power,0.16459109,0.0148119135
447,or,0.059622504,-0.052378923
448,funding,-0.110819735,-0.0056546815
449,cut,-0.069385655,0.03826942
450,busted,-0.48338562,0.010257438
451,amid,-0.5808276,0.018632852
452,week,-0.1489861,-0.008341103
453,terrorists,0.040004592,-0.030556882
454,legal,0.6735272,0.026228251
455,kremlin,0.12282631,-0.07796863
456,jobs,-0.068284534,0.016710764
457,hate,0.3103561,0.009178469
458,had,-0.14676413,-0.0008467051
459,chair,-0.031624045,0.032694824
460,british,0.4465871,0.023685757
461,know,0.20039973,0.04786159
462,doesn’t,0.30362728,0.03766968
463,cuba,-0.27911505,0.084453546
464,cop,-1.1536425,-0.02889952
465,behind,0.05969931,0.04169367
466,votes,0.016776826,-0.028760523
467,story,0.39930207,0.0064358604
468,ruling,0.17395219,-0.0029462965
469,rep,0.50412273,-0.00069694815
470,parliament,-0.23776399,-0.014512136
471,korean,0.17355439,-0.07354717
472,even,-0.65409327,-0.0060919053
473,catalan,0.62976956,0.011927101
474,california,-0.67338943,0.05279959
475,bombshell,0.4210106,0.010101148
476,bad,-0.07357547,0.0491657
477,backs,0.10329692,0.011367737
478,asked,0.38313895,-0.011930463
479,ad,0.12929012,0.009275676
480,sean,-0.31236583,-0.04181914
481,scandal,0.03337157,0.019494241
482,agency,-0.07482926,0.06959435
483,violent,-0.45832813,0.0029254379
484,using,-0.30539784,-0.045749865
485,under,-0.51374656,0.03302662
486,tries,-0.37585485,0.025818374
487,seek,-0.10532707,-0.038223293
488,protests,0.09486794,0.03967547
489,msnbc,-0.1967846,-0.073001064
490,lead,0.05932475,-0.061354473
491,iraqi,0.24151474,0.010369045
492,himself,0.25771028,-0.02486435
493,fired,-0.6020347,-0.11629849
494,voting,0.010641513,-0.04906639
495,set,0.2828243,0.05751922
496,latest,0.0012119394,0.023015605
497,best,-0.22899479,-0.0067931134
498,aide,-0.43115357,0.03655395
499,were,0.15893784,-0.0098029915
500,kids,-0.13052824,-0.013189828
501,israel,0.1726751,-0.028417075
502,cia,-0.27116516,-0.019770151
503,terrorist,0.49373683,-0.004527914
504,special,-0.18587007,0.022930777
505,source,0.6788253,0.03756263
506,refugee,0.0695698,-0.034441385
507,radical,-0.27132654,-0.09082885
508,nfl,0.25460762,-0.026945168
509,bush,0.20135707,-0.04764402
510,benghazi,0.70102304,-0.021543082
511,used,-0.027796874,-0.061066836
512,slams,-0.40773264,-0.025713814
513,rule,0.06959912,0.062108003
514,michelle,0.38738105,0.016330712
515,march,-0.40333924,-0.0284815
516,full,-0.08856061,-0.022694074
517,defends,0.18215866,-0.044208877
518,dc,-1.3228699,-0.036605127
519,young,0.12711978,-0.00022244715
520,sign,-0.4403774,-0.03614562
521,reports,-0.13048877,0.059842627
522,hit,0.99484456,-0.03280095
523,didn’t,0.26074404,-0.049559593
524,chinas,-0.043363832,-0.014717354
525,charges,-0.6612631,0.007571937
526,called,0.022152271,0.042116866
527,service,0.08614785,0.016240763
528,public,0.44081843,0.049151063
529,inauguration,0.42077574,-0.023678266
530,destroy,0.36317816,0.08989645
531,congressman,0.12335588,-0.0077363737
532,comments,-0.18282296,-0.015931047
533,clinton’s,-0.21100311,0.00024372627
534,admits,0.3973133,-0.044926845
535,very,-0.35463363,-0.019231897
536,three,-0.03421087,0.0044671907
537,thing,-0.016807547,0.0094575165
538,shut,0.09631339,-0.0069427257
539,reveals,-0.37863564,-0.04314353
540,real,0.018365161,0.09218134
541,orders,0.4183758,-0.045181353
542,nyc,1.3524016e-05,0.0430728
543,london,0.7401741,0.07584629
544,hurricane,-0.28175735,0.0813051
545,good,0.9915259,-0.061650325
546,despite,-0.03451206,-0.041047007
547,brutal,0.31199434,-0.020440111
548,audio,0.19317126,-0.03470617
549,“the,-0.7692751,0.054659974
550,yet,-0.3201777,-0.0012733244
551,tell,0.45944136,-0.04906195
552,start,-0.5354971,-0.077930555
553,seen,-0.29408514,-0.002774538
554,review,0.048915002,-0.048510753
555,released,-0.0009448216,-0.09060908
556,pay,-0.18363805,0.06863032
557,missile,-0.6268305,0.06896731
558,likely,0.50466543,-0.04343641
559,internet,0.08999314,0.04069037
560,found,-0.66811246,-0.049992852
561,claim,-0.13859046,-0.055715106
562,children,-0.09114263,0.023224251
563,chicago,0.4943441,0.096529335
564,believe,0.30167326,0.009122671
565,arrest,0.35456374,-0.0011722624
566,announces,-0.045009304,-0.038351767
567,wins,0.0792508,-0.012626002
568,turkish,-0.70916146,-0.019076642
569,questions,0.24946311,0.05240937
570,needs,-0.28274208,-0.00597164
571,men,-0.15332958,0.019925058
572,matter,-0.14000434,-0.042691533
573,kurdish,0.06966613,-0.06899848
574,images,1.0288969,0.053251833
575,flynn,0.063740045,0.071662456
576,does,-0.02204653,-0.08021513
577,away,0.26696366,-0.009472621
578,3,-0.11882116,-0.01905006
579,victims,-0.13958167,0.052543603
580,transgender,0.326345,-0.04240345
581,spokesman,0.05666569,-0.026633399
582,son,-0.22006817,0.10104825
583,rubio,0.2016512,0.022955088
584,repeal,-0.74029577,0.061301816
585,rejects,0.76515114,-0.020836338
586,near,-0.24457651,-0.04041145
587,ivanka,-0.2363872,0.038238607
588,french,0.32072252,-0.03534387
589,final,0.15610677,-0.0045597935
590,facebook,0.23444287,0.002971812
591,cuts,-0.32496977,0.008937225
592,been,-0.121401384,-0.03312491
593,assault,-0.28685156,-0.08305552
594,al,-0.11761784,0.021974036
595,wife,-0.89847964,-0.007386501
596,vows,0.8816419,-0.07083826
597,venezuela,-0.097463265,-0.0016043155
598,stunning,-0.8314316,0.0006814378
599,sex,-0.24912326,0.064920105
600,issues,-0.027589899,-0.01842324
601,hold,-0.09388085,0.02449127
602,gave,0.6010273,0.03338297
603,fraud,-0.3706798,0.09822998
604,epic,0.266085,0.020901928
605,“i,-0.08468382,-0.060838345
606,these,0.115121774,0.042546477
607,saying,-0.55095613,0.063096404
608,refuses,0.3287185,0.0050833584
609,proves,-0.18879315,0.01853533
610,ny,0.080769174,0.071285814
611,king,-0.3521156,-0.0024426526
612,hollywood,0.6992702,-0.0639777
613,hack,-0.35543025,-0.0222721
614,girl,0.1135995,-0.04174948
615,dem,0.080487706,0.008741868
616,barack,0.012338073,-0.04700316
617,ambassador,0.09078734,-0.09734342
618,action,0.13966832,0.021430418
619,warren,-0.006652291,-0.008813648
620,trip,-0.25730306,-0.037795052
621,rant,-0.040122684,-0.05552508
622,program,0.17141494,-0.021011634
623,jr,-0.30591172,-0.04245613
624,joe,-0.17965354,-0.06381906
625,days,-0.5878249,0.0045835692
626,awesome,0.28623912,0.0519046
627,act,-0.21683227,0.030633792
628,“we,0.15725827,0.0003434235
629,target,-0.5071667,0.0010217199
630,street,-0.5418715,0.0011474548
631,shot,-0.9745954,-0.03523507
632,senior,0.19924495,0.0553031
633,rips,-0.17773677,0.004815898
634,possible,0.12459748,0.031407833
635,passes,-0.09364704,0.04194192
636,moore,-0.17587781,-0.04695413
637,mcconnell,0.65821284,-0.08880998
638,look,0.35557362,0.05563974
639,leave,-0.4433981,-0.035142787
640,kills,-1.1651708,0.06402492
641,hilariously,0.25317773,0.02203399
642,every,0.31390908,0.037725944
643,erdogan,-0.25033072,0.05976489
644,drops,0.33563828,0.031143589
645,debt,0.12270029,-0.005604275
646,committee,-0.6539025,0.02632356
647,citizens,-0.38951683,0.013205275
648,united,-0.34144235,-0.07733904
649,strike,0.09283427,0.027291568
650,role,-0.2757172,0.06282295
651,question,-0.55556047,-0.01635347
652,pope,-0.2117694,-0.0033866367
653,little,-0.13474767,-0.04442927
654,executive,0.35990718,-0.028676575
655,criminal,0.14142253,-0.024033897
656,convention,-0.5937137,-0.058152184
657,spain,-0.047131844,0.020334655
658,sees,0.24170743,0.036540046
659,sarah,-0.05015255,-0.044913948
660,running,-0.6417474,0.037847307
661,pressure,-0.4133668,0.0041746483
662,massive,0.21029197,0.043984238
663,making,-0.07466025,0.005887878
664,least,0.014687624,-0.031693317
665,kellyanne,0.43966308,-0.0050716987
666,jail,-1.1516532,-0.009400103
667,immigrants,0.095723145,0.008392707
668,hits,-0.027917465,-0.03603965
669,hell,0.09051464,-0.12813307
670,groups,0.34137434,0.058166847
671,forced,0.3463849,0.030435631
672,five,-0.7624982,0.020284755
673,disgusting,0.10666845,-0.067234226
674,demands,0.17656834,0.026743555
675,calling,-0.21591088,-0.03213532
676,break,0.48898667,0.027185703
677,battle,0.48530415,0.016720356
678,approves,-0.42277548,0.00814402
679,angry,-0.042118676,-0.014920794
680,too,0.0011646401,-0.026096482
681,threats,0.13958748,-0.019117335
682,strikes,-0.31819972,0.011772853
683,second,-0.24494258,-0.0330405
684,russias,0.37201867,0.0030467133
685,return,0.3831766,0.031739797
686,puts,-1.5384312,0.065190956
687,offers,-0.50976366,0.002063324
688,nato,0.083348334,0.041874416
689,much,0.220146,0.026246592
690,middle,0.1848884,-0.035995457
691,let,-0.5274284,0.01216753
692,exposes,-0.14541715,0.024218032
693,elections,-0.45062155,0.051342353
694,chris,0.8010085,0.051723443
695,catalonia,0.25451526,0.032660298
696,working,-0.15795825,0.016286949
697,workers,0.090841815,-0.0017007882
698,water,-0.07362963,-0.02722082
699,uses,0.14249274,-0.079873756
700,think,0.32178643,0.045889955
701,pentagon,0.6422932,0.0023246845
702,female,0.36796966,0.062770925
703,energy,0.23746875,-0.043290425
704,east,0.23018499,-0.019811278
705,crooked,0.006240276,-0.0048076897
706,blames,-0.061704516,-0.0378213
707,biden,-0.07604917,-0.07529655
708,ben,-0.3739191,0.04603212
709,agenda,0.07972597,0.03880481
710,5,0.1610959,0.0801941
711,1,0.20299172,0.058295954
712,thinks,0.42607397,0.03600475
713,test,0.19103421,-0.027872674
714,suspected,-0.35877424,-0.065430894
715,summit,0.20262258,-0.026217444
716,star,-0.27673256,-0.08712681
717,sessions,0.060843505,0.014583017
718,rape,0.02434826,-0.041240346
719,paris,0.28426248,-0.055523567
720,murder,0.291612,0.001310036
721,mike,0.1514264,-0.03296572
722,migrants,-0.14200008,0.037423532
723,member,0.05575472,0.07926213
724,liberals,-0.39387286,-0.009375722
725,hard,-0.47776476,-0.02240599
726,envoy,0.3812908,-0.07586487
727,corruption,0.18916261,-0.009700369
728,conway,0.24564843,0.0393232
729,ceo,0.18421778,-0.077095166
730,whoa,0.07722983,0.0031367573
731,warning,-0.12981158,0.010660149
732,vp,-0.057116434,-0.015742848
733,university,-0.4404244,0.0029146168
734,releases,-0.049859993,-0.021663193
735,pelosi,-0.010406942,0.034481768
736,navy,0.2740041,-0.028516017
737,manager,1.046152,0.011017027
738,issue,0.38433504,0.05726651
739,friday,0.059535515,-0.008957746
740,epa,-0.4545063,0.04993864
741,effort,-1.1989728,0.0848576
742,country,-0.0045084837,0.024913156
743,activists,0.42460576,-0.080443904
744,accuses,0.17744386,-0.043859843
745,2018,0.26778644,0.030384585
746,10,0.1569458,0.015127297
747,wikileaks,0.051162522,-0.03504667
748,they’re,0.8472358,0.0035924087
749,spicer,-0.3067208,0.028230945
750,put,-0.5428239,-0.0039682672
751,protect,0.05952903,-0.030341327
752,planned,0.0351397,-0.044827867
753,perfect,-0.048265368,-0.023791961
754,loses,0.076293945,0.046612646
755,labor,0.15777746,0.020377893
756,hacking,-0.22144705,0.05770487
757,future,-0.61866456,0.021305671
758,four,-0.39604136,0.032111626
759,find,-0.19930144,-0.013993236
760,finally,1.3124372,0.02176091
761,crowd,0.3441543,-0.030841818
762,chairman,0.34574082,0.022211812
763,announcement,-0.09592445,-0.015053883
764,abortion,-0.13291511,-0.03673035
765,xi,-0.0298106,0.010725618
766,without,0.41375726,0.036785845
767,victory,-0.021891175,0.0039945515
768,turn,0.09568178,-0.0696955
769,trial,0.6137482,0.0073097385
770,town,-0.03631237,-0.015769117
771,spending,-0.31910613,-0.028058754
772,schools,-0.41038564,0.03949307
773,private,-0.14861055,-0.06038809
774,michael,-0.93326676,-0.033592105
775,life,-0.24696161,-0.012178054
776,laws,0.029222446,0.015218332
777,killing,0.09664225,-0.016716855
778,kelly,-0.20649387,-0.0014939238
779,flashback,0.18258217,-0.08119317
780,fighting,-0.5815412,0.060271557
781,fans,0.994419,-0.010519334
782,faces,0.2877099,0.0062845754
783,evidence,-0.13908024,-0.02292873
784,doj,0.6589077,0.03727106
785,destroyed,0.31790304,0.055828333
786,come,0.06822583,-0.004095217
787,cabinet,-0.19439778,0.02641924
788,block,0.047981746,-0.007720685
789,agree,-0.0029364682,-0.0396662
790,activist,-0.115973905,0.02286901
791,911,-0.14662273,0.00062911713
792,4,-0.5391996,-0.053509563
793,yemen,0.15905353,-0.0036643562
794,words,-0.70715463,0.008673398
795,weapons,-0.22358134,0.07819635
796,viral,-0.23044106,-0.016699905
797,talk,0.092755616,-0.061268643
798,photo,-0.048541464,0.022569802
799,part,0.09855411,0.0066992026
800,oops,-0.50730497,-0.049196023
801,oil,-0.39923888,-0.030423885
802,night,-0.26799333,-0.025998836
803,name,0.133334,0.020430798
804,millions,-0.821987,0.03296567
805,illegals,-0.15501894,-0.009607802
806,hopes,0.00019628975,-0.0029604684
807,history,-0.34668946,-0.0075314897
808,fed,-0.054530904,0.05548477
809,dangerous,0.0057694633,0.0033898295
810,close,-0.36032492,0.0054125744
811,boy,-0.14951165,0.005026676
812,arms,0.26435328,0.06563967
813,west,-0.094898194,0.054193802
814,union,-0.69823766,-0.081137545
815,thousands,0.66145927,-0.013834246
816,terrorism,0.0020892369,-0.025712341
817,picks,-0.0918196,-0.0763802
818,percent,0.16405728,-0.09455851
819,nancy,0.034463782,-0.043339863
820,militants,-0.3393318,0.02137763
821,mexican,0.2244131,-0.10468348
822,melania,0.29100665,-0.013344931
823,letter,0.53578526,0.015064093
824,guy,0.019148732,0.020773297
825,getting,0.38712448,-0.014284709
826,gay,0.41214985,-0.111209325
827,fck,0.44425586,-0.059309877
828,explains,-0.065102555,-0.07068016
829,defend,-0.17791392,0.043810107
830,council,0.26453096,-0.09772022
831,church,1.4057038,-0.026952708
832,child,0.62929046,-0.0074987696
833,challenge,0.017280743,-0.023705477
834,brilliant,0.21215111,0.074985
835,bank,-0.42348024,-0.044060774
836,aliens,0.2097417,0.00017757778
837,alien,-0.054280344,0.08598464
838,afghan,-1.2975363,0.054780357
839,wrong,0.11982053,-0.03779209
840,ukraine,-0.08991908,-0.017356142
841,troops,0.035763774,-0.0052901823
842,tried,0.08861228,0.010434847
843,taking,-0.16902621,0.10823643
844,something,-0.34084618,-0.02991073
845,philippines,-0.09714154,-0.015811129
846,oregon,0.053805947,-0.019580115
847,offer,0.17476922,0.051672865
848,megyn,0.23331487,-0.058365356
849,lying,0.036291108,-0.017242057
850,hearing,-0.34875232,-0.0378192
851,firm,-0.26455855,0.0064340453
852,elizabeth,0.67999554,-0.035039052
853,economy,-0.4886877,0.0282847
854,denies,0.033166755,-0.05143646
855,cyber,0.0060283504,0.038554363
856,conference,1.1122763,0.04328634
857,actually,-0.009798336,0.053599425
858,stage,0.26766092,-0.008864623
859,some,0.36433223,0.0748735
860,since,0.10574115,0.02209494
861,signs,0.061100725,-0.057571303
862,she’s,-0.10982655,0.073612735
863,ria,-0.19153287,0.058975693
864,line,0.19316125,0.0035412363
865,leaves,-0.535036,-0.11996193
866,join,0.31241092,0.025129378
867,johnson,0.02340802,0.026341422
868,friend,-0.15213597,0.06398827
869,frances,-0.30479193,0.037457004
870,foundation,0.65401584,0.038037457
871,food,-0.15965883,-0.025838159
872,dems,0.11037509,0.03306194
873,civil,0.006278573,-0.04489588
874,christmas,-0.1241303,0.063383795
875,carson,-0.2816457,-0.011050572
876,car,0.25195333,0.020897666
877,breaks,-0.36120662,-0.045218978
878,blame,-0.006072535,0.053299617
879,around,-0.259769,-0.00921637
880,anchor,-0.16011938,-0.0022350263
881,2,0.1361204,0.0036359567
882,yr,-0.15952657,-0.028345205
883,voted,-0.1292248,0.0064972457
884,taiwan,-0.5582721,-0.036718164
885,sheriff,0.5017807,0.07080839
886,revealed,0.34821114,0.07104358
887,nafta,0.11142752,-0.077680446
888,mocks,-0.54863,-0.0034292587
889,members,0.24728084,-0.014005472
890,irish,-0.055955376,-0.0031864836
891,fund,0.21577896,0.030320957
892,fear,0.090236336,0.08479034
893,congressional,-0.18613291,0.021683553
894,company,0.23589805,0.022286873
895,chinese,0.031292263,-0.013442467
896,care,-0.24623924,-0.09081502
897,canada,-0.09323694,-0.002178082
898,already,-0.019330552,0.015338111
899,absolutely,-0.038171396,0.04791125
900,20,0.19341154,0.016627675
901,‘the,-0.1762592,0.0259971
902,vietnam,0.14182745,0.020895017
903,sue,-0.32726642,-0.0023020415
904,student,0.07540158,-0.02173676
905,staff,-0.51139504,0.07365309
906,sht,0.24996659,0.035544388
907,reelection,0.15962744,0.017400598
908,prosecutor,-0.10973873,-0.02670523
909,points,-0.38948062,-0.0154180825
910,play,0.08645721,0.01566913
911,northern,0.08493934,-0.003145225
912,mueller,-0.16957308,-0.019127969
913,mark,-0.027660605,-0.0021842464
914,ireland,0.15520282,-0.0005167318
915,heads,-0.14356038,0.010570491
916,global,-0.2839807,0.008315086
917,exposed,0.08016112,0.0019159869
918,drug,-0.027916253,0.035339948
919,cnn’s,-0.23320156,0.00056044554
920,bundy,-0.320771,0.011794866
921,ask,-0.05165599,0.04250332
922,asia,-0.09501617,-0.03574459
923,afghanistan,0.38506255,-0.02816208
924,urge,-0.13595301,0.019233
925,try,-0.20369099,0.07244914
926,sunday,0.07512164,-0.006574509
927,steve,0.10772646,-0.043387037
928,stay,-0.3494228,-0.040958583
929,speak,-1.2008096,0.0035535914
930,responds,0.18107805,0.026322499
931,referendum,0.4933979,0.025168031
932,politics,0.6059093,0.042723507
933,names,-0.1876,-0.057263054
934,irma,0.007962885,0.028504811
935,intel,-0.8953865,0.03734369
936,insane,0.1381637,0.057407293
937,human,-0.24387293,-0.09363867
938,guest,0.06484456,-0.082811646
939,far,0.30541456,0.013940557
940,economic,-0.38136435,-0.047165524
941,due,-0.6291942,0.0730514
942,detroit,0.13430661,0.010389971
943,coal,-0.40986124,0.02059568
944,cities,0.18280232,-0.04021391
945,changes,0.52694887,-0.035474695
946,bathroom,0.1416995,0.019387474
947,arabia,0.14922313,0.023375118
948,accused,0.20019682,0.048894655
949,turkeys,0.4629483,0.0045336364
950,stand,0.11857012,0.071920745
951,shuts,0.976406,-0.0714998
952,remarks,-0.028903073,-0.020609498
953,powerful,-0.1733427,-0.010611453
954,o’reilly,-0.43945226,-0.056493677
955,other,0.0569643,-0.0045751305
956,ohio,-0.6619321,-0.06615422
957,number,1.037372,-0.057332955
958,moscow,-0.2888264,0.06132403
959,mass,0.26559055,0.026339473
960,lose,-0.038048573,-0.04898147
961,humiliates,0.24965961,-0.0032378538
962,guns,-0.04277661,-0.06689688
963,funds,-0.47838488,0.049935102
964,education,1.9256473,-0.019084897
965,daughter,-0.23640196,0.094740555
966,dad,0.38684785,-0.035603046
967,christian,0.07321506,0.08778018
968,charged,-0.082864426,0.045017436
969,capital,0.34417033,0.013095583
970,bring,0.36709344,-0.023317216
971,baltimore,0.13998684,0.006520835
972,alabama,0.66990125,0.027593566
973,actor,-0.062478714,-0.041440774
974,15,0.63784957,0.008855645
975,uks,-0.23621851,0.018931206
976,transition,0.045018207,0.06359953
977,soros,-0.31435448,-0.04212239
978,same,-0.4335534,-0.01935185
979,rich,-0.050474882,0.058091853
980,prince,-0.17819834,0.002946913
981,parties,0.38249776,0.039764997
982,palin,0.15790503,0.0061617047
983,mom,-0.20009063,0.010078063
984,might,0.7560843,-0.07973382
985,meets,0.3174442,-0.03426889
986,market,-0.24032773,-0.09637256
987,journalists,0.73396796,-0.044543233
988,jeanine,-0.22250251,0.069474034
989,its,0.11181066,-0.024371706
990,illinois,0.6144833,0.035753362
991,everyone,-0.2940203,0.02585531
992,europe,-0.120242074,-0.027365476
993,embassy,1.4702473,-0.015885903
994,embarrassing,-0.4159287,-0.018947922
995,deputy,-1.7533907,-0.041691113
996,declares,0.1478233,-0.023312021
997,crazy,0.31309786,0.023370229
998,australia,-0.61277896,0.010285054
999,100,0.64436847,0.0059327567
1000,zimbabwe,-0.20714106,0.016536694
1001,where,0.18117195,0.026421148
1002,victim,-0.0046707164,0.051241353
1003,unhinged,-0.3389671,-0.03324249
1004,train,-0.023329591,-0.023755856
1005,totally,-0.4022879,-0.00037773175
1006,telling,0.028603153,-0.01152355
1007,sends,0.42901555,0.09349516
1008,residents,-0.5438276,0.03174885
1009,reporters,-0.38522866,0.064060874
1010,place,0.76752985,-0.031255133
1011,picture,-0.17363885,-0.06448349
1012,pass,-0.019784123,-0.029412562
1013,owner,0.38838872,0.057897635
1014,moves,0.082842834,0.038701437
1015,michigan,0.2212832,-0.011359664
1016,meltdown,-0.333733,-0.040368732
1017,literally,-0.38021097,-0.02197303
1018,israeli,0.16891648,0.06425384
1019,immigrant,0.45640132,0.02076265
1020,highlights,0.065474756,0.011323904
1021,held,0.34538972,-0.022061802
1022,happened,-0.35257098,0.011725854
1023,hannity,-0.05590213,0.008833565
1024,front,-0.19716501,0.10730771
1025,fires,0.2073948,-0.017785907
1026,finance,0.6566442,-0.058306586
1027,employees,0.3857791,-0.026688993
1028,doing,-0.0011444414,0.037362203
1029,demand,0.028038127,-0.030196166
1030,crime,-0.17823063,0.06829156
1031,conspiracy,-0.12801024,-0.073202014
1032,confederate,0.15530702,0.0031418614
1033,comment,0.2247821,0.059059203
1034,comes,0.17027064,0.013071409
1035,carolina,0.5120245,-0.035349913
1036,boost,-0.3043961,0.035801213
1037,appeals,-0.33885452,0.04044982
1038,allow,0.17647746,-0.036241677
1039,allies,-0.18748611,0.055663418
1040,worst,0.1197249,0.07587145
1041,waters,-0.36170435,-0.046085924
1042,videos,0.106470965,-0.012106671
1043,update,0.020463595,-0.11479446
1044,steps,0.11569652,0.03542287
1045,step,0.22765756,0.051715184
1046,sent,0.4027155,0.006790138
1047,resign,-0.099213496,-0.04536832
1048,raise,0.2413191,0.09981918
1049,racism,-0.58851355,-0.004150545
1050,proof,0.39108092,-0.019043572
1051,professor,0.12092465,0.021782111
1052,prison,-0.57263404,-0.00069641846
1053,potential,0.11225868,0.008878357
1054,mattis,0.3039054,0.080342196
1055,love,0.003144475,-0.005161899
1056,lost,-0.8423404,0.009089243
1057,looks,0.26113996,-0.0539539
1058,kurds,0.03756093,0.053628676
1059,james,-0.52739614,-0.011150809
1060,hurt,0.27458858,0.021750575
1061,henningsen,-0.05061808,0.011745152
1062,girls,0.6200345,-0.010660693
1063,germanys,0.19861244,-0.00091042847
1064,criticism,0.37212014,-0.0036754904
1065,corporate,-0.036361136,0.00030933885
1066,confirms,-0.25278485,0.04186232
1067,brutally,0.078721456,-0.03502774
1068,britains,-0.030365527,-0.0068646623
1069,any,-0.086515285,0.02444359
1070,anthem,0.0007769323,-0.011508206
1071,allegations,0.00020251228,0.057584703
1072,agencies,0.1731027,-0.013552472
1073,african,0.088342145,-0.03609517
1074,zimbabwes,-0.20502403,0.016184181
1075,veteran,0.019196942,-0.030347321
1076,tucker,0.1412297,0.03815731
1077,term,0.5401276,-0.086185165
1078,targets,0.50369924,-0.0012726077
1079,syrias,0.9075887,0.003608796
1080,spy,0.11807187,0.054774277
1081,speaks,0.27882144,-0.09973768
1082,russians,-0.025182597,0.00979896
1083,promises,0.30523804,0.03135133
1084,perfectly,-0.0019565222,-0.014093947
1085,pastor,0.35312736,0.037454188
1086,palestinian,0.48132947,-0.055528928
1087,officer,-0.1709473,0.010041395
1088,news’,0.380997,0.007978362
1089,my,-0.6602712,-0.04636823
1090,mugabe,1.0111006,-0.008089788
1091,movie,-0.52091485,0.008736414
1092,moment,-0.02720206,0.025734853
1093,lebanon,-0.6148509,0.018994844
1094,jailed,0.32941526,0.039303467
1095,hysterical,-0.35962063,0.00093567773
1096,hariri,0.46970814,0.041905265
1097,giving,-0.3920066,-0.10365067
1098,financial,0.18823473,-0.017482309
1099,communist,-0.9850165,0.052057143
1100,coming,0.19212872,0.019048747
1101,carlson,0.056674033,0.065946825
1102,boycott,-0.34075978,0.04367483
1103,become,-0.41576326,-0.097096495
1104,bangladesh,0.63184506,-0.09355762
1105,arrests,-0.50858784,-0.06851794
1106,antifa,-0.050281066,-0.09010514
1107,answer,0.18184805,0.011009463
1108,address,0.2874835,-0.08197295
1109,abuse,0.35247618,-0.027329924
1110,50,0.13608511,0.03418288
1111,you’re,-0.3951994,0.04604562
1112,virginia,1.0591385,0.02352292
1113,tuesday,-0.33756572,-0.011332058
1114,tough,-0.25553423,-0.08356334
1115,throws,0.3277447,0.08094794
1116,then,0.033603303,-0.04131988
1117,system,-0.15560089,0.0026283534
1118,save,-0.17206717,0.04538732
1119,results,-0.18611053,0.031411752
1120,raises,0.2140354,0.017148288
1121,philippine,-0.29464173,-0.031726245
1122,launches,0.040965967,-0.050662685
1123,iowa,-0.18725589,-0.060375676
1124,harassment,-0.17431208,0.029906122
1125,hacked,0.10951752,-0.04282422
1126,flint,0.88974136,0.028825952
1127,firing,-0.31587702,-0.05986372
1128,finds,-0.5333989,-0.074955106
1129,ends,-0.3844499,-0.019895539
1130,early,0.053453255,-0.054603618
1131,disturbing,0.60327977,-0.036845025
1132,disaster,0.28483683,-0.06712449
1133,companies,-0.4246607,-0.06321089
1134,christie,-0.9379363,-0.015848419
1135,check,-0.08416189,-0.007867754
1136,charge,-0.32210523,0.038415857
1137,central,0.59500164,-0.04774399
1138,better,-0.6878179,0.0001969025
1139,ally,0.24997455,0.022979168
1140,agents,-0.51774806,0.06589603
1141,women’s,0.082729824,-0.040042512
1142,well,0.21703608,-0.005261005
1143,vs,0.15714893,0.004519727
1144,trump”,0.17343578,-0.03706519
1145,there,-0.34604755,-0.10469316
1146,surprise,0.71722424,0.014220607
1147,super,0.4624401,-0.04183301
1148,study,-0.56414753,0.09615871
1149,soon,-0.18721385,0.057527915
1150,soldiers,-0.0021741888,-0.0028022146
1151,sick,0.22188263,-0.009954308
1152,sets,0.28869048,0.013451185
1153,screenshots,0.20080085,0.05675148
1154,sanctuary,-0.03351217,-0.03839161
1155,roy,-0.82954496,0.023340553
1156,romney,-0.21590804,-0.031635597
1157,reutersipsos,0.07463805,0.07883251
1158,red,0.3172219,-0.0074246484
1159,record,0.31558236,0.014170546
1160,quit,-0.028303467,0.02489044
1161,progress,0.00032339862,0.054718945
1162,paid,0.5314278,-0.07937239
1163,pact,0.0052776136,-0.07029029
1164,opens,0.4788273,0.013556067
1165,obamas,-0.23949927,0.06405086
1166,months,-0.98779815,0.04882187
1167,maxine,0.53731424,0.043726843
1168,leadership,0.38845786,0.027120957
1169,game,-0.08777147,-0.0008981982
1170,freedom,0.0052715233,0.09871464
1171,feds,-0.0059156953,-0.011992381
1172,eyes,-0.06892433,0.0019606936
1173,event,0.13567834,-0.06654242
1174,eus,0.462651,0.041346032
1175,crackdown,-0.075063735,0.040786874
1176,choice,0.15564989,-0.0031409163
1177,book,0.22465123,-0.029619852
1178,avoid,-0.24268296,0.030298961
1179,attacked,-0.027499687,0.03363401
1180,access,-0.4689676,-0.013384306
1181,8,0.13050045,-0.0462105
1182,wearing,-0.19233894,-0.0063066883
1183,visits,0.21558267,0.0145868845
1184,veterans,0.48229668,0.011541922
1185,treasury,-0.50613594,0.056208335
1186,things,0.312469,0.039897297
1187,tensions,0.34250033,-0.010814907
1188,taxpayer,0.5198213,-0.039013803
1189,taxes,-0.060869403,-0.03844824
1190,talking,0.8129058,-0.0042509185
1191,six,0.17551307,-0.038087577
1192,sea,-0.60400695,-0.043960843
1193,rightwing,-0.07418129,-0.0133963665
1194,returns,0.0028796748,0.0174208
1195,request,-0.18200839,-0.04533506
1196,religious,0.079555415,-0.015655885
1197,rebels,-0.36720628,0.0021772652
1198,read,0.2792891,-0.042098794
1199,qatar,0.41557816,0.008284353
1200,prime,0.11229591,0.023395352
1201,players,0.061643932,0.021146938
1202,parents,-0.82003516,-0.026638284
1203,pakistan,0.3441119,-0.008408894
1204,nra,-0.0025444794,0.018383604
1205,journalist,0.019300317,-0.025313007
1206,industry,0.2292929,0.048663516
1207,husband,-0.22692019,0.007869501
1208,hundreds,-0.18365331,0.06938477
1209,egypt,-1.0234268,0.03231901
1210,drop,-0.09636077,0.026768241
1211,documents,-0.36410385,0.035906512
1212,detained,0.122295335,0.024517868
1213,desperate,-0.23191175,-0.0082694525
1214,community,-0.09946567,-0.09190597
1215,class,-0.086556494,0.019243088
1216,candidates,-0.106227666,0.05167911
1217,biggest,-0.22817421,0.09191494
1218,between,-0.5095958,0.014412126
1219,across,0.011392784,-0.003611382
1220,worse,-0.3720667,-0.02102186
1221,warned,0.5752444,0.025138708
1222,today,0.4414831,0.014030373
1223,socialist,0.057127688,0.008312631
1224,seth,-0.21502362,-0.03903041
1225,send,-0.5247498,-0.028988676
1226,resigns,-0.36486933,0.0031042597
1227,remove,-0.40358225,0.06453534
1228,reach,0.0009969716,0.0008970477
1229,praises,0.17314747,-0.044930924
1230,polls,0.2679893,-0.059543557
1231,nbc,-0.3529078,-0.03899719
1232,murdered,0.71932983,0.004320589
1233,migrant,0.034059573,-0.02780187
1234,maher,-0.014276355,0.011625482
1235,loss,-0.2491967,0.027411984
1236,long,0.15854843,-0.020647483
1237,leaks,-0.10279203,-0.11140401
1238,information,0.20104429,0.019744819
1239,india,-0.79335123,0.03528513
1240,important,0.36712405,0.030364426
1241,humiliated,-0.6794565,0.006855944
1242,hope,0.019814542,-0.096121825
1243,gas,0.014126301,-0.06584567
1244,furious,-0.35179523,0.036717087
1245,efforts,0.14846028,0.010997703
1246,eastern,-0.09025167,0.014464656
1247,done,0.42118028,0.033810265
1248,data,-0.0042828913,-0.038838487
1249,cites,-0.5084168,-0.020292474
1250,borders,-0.46093392,-0.04504449
1251,board,-0.09163393,0.003764356
1252,billionaire,-0.1769037,0.051854063
1253,asking,0.28253758,0.036084812
1254,armed,-0.03397533,-0.03578313
1255,appeal,-0.15008509,-0.016338238
1256,amnesty,0.42516077,0.0045975973
1257,america’s,0.53690255,0.0012067353
1258,aides,-0.10747352,0.0036498157
1259,13,0.1688277,-0.06643079
1260,who’s,0.48038617,-0.07755996
1261,w,0.057862453,0.055663433
1262,total,0.11423028,0.01287163
1263,thug,0.061281975,-0.06910492
1264,supporting,-0.1074418,0.081980035
1265,strong,0.010403369,0.01461651
1266,streets,0.30362877,0.0470669
1267,reaction,-0.576826,0.08705121
1268,quits,0.8338448,-0.09075604
1269,patrick,0.22334915,0.042772535
1270,nations,-0.3993825,0.070793
1271,nation,-0.040611323,0.0024510114
1272,militant,-0.0610171,-0.013556568
1273,living,-0.34633288,-0.08413723
1274,less,-0.25530532,-0.03724651
1275,lawsuit,0.5158377,-0.0071197334
1276,kerry,-0.46096042,0.06870045
1277,kenya,-0.092777975,0.03466978
1278,joy,-0.2735015,-0.06442154
1279,iranian,0.01636255,-0.022358555
1280,here,-0.36712858,-0.04285458
1281,hammers,-1.0726639,0.04801355
1282,green,0.09531596,0.022857651
1283,golf,-0.37199315,0.07022538
1284,facts,-0.4474421,0.024053108
1285,ethics,0.4737385,-0.031555623
1286,elected,-0.23460138,0.059637874
1287,donations,-0.36484265,-0.08051377
1288,december,-0.72024375,-0.009680219
1289,blow,-0.37399837,-0.09110476
1290,blacklivesmatter,0.28752148,-0.037838954
1291,bans,-0.225974,0.04916996
1292,baby,0.09811965,0.07139058
1293,attacking,0.1500902,-0.07163325
1294,assad,-0.23940676,-0.059647918
1295,appears,0.04265644,-0.027784398
1296,agrees,-0.25252587,-0.07146082
1297,agent,-0.10380173,-0.02207285
1298,worker,-0.41675526,0.002937723
1299,wisconsin,-0.238974,0.08745306
1300,winning,0.29918173,0.040259123
1301,wanted,0.534862,0.058328543
1302,turns,-0.09232088,0.03703224
1303,took,-0.10676452,-0.030585194
1304,threatened,1.0099502,-0.018050877
1305,threaten,-0.085550204,-0.081576526
1306,third,0.19065952,-0.026179085
1307,testimony,0.5396,0.05862906
1308,taxpayers,-0.7877065,-0.054218255
1309,storm,0.09934424,-0.04744715
1310,spanish,-0.57316977,-0.0040476033
1311,seven,0.3000259,-0.05066106
1312,serious,-0.61577636,0.013930559
1313,seeking,0.046718843,0.063144505
1314,replace,-0.31976533,0.033289805
1315,relations,0.4843071,-0.0031721797
1316,phone,-0.45904297,-0.032079738
1317,person,0.15799609,-0.05157762
1318,parenthood,0.055689592,0.019581031
1319,mosque,0.104166664,-0.04441056
1320,ministry,-0.3043869,-0.0023113682
1321,libyan,-0.43992716,-0.053179644
1322,libya,0.78634185,-0.02224163
1323,legislation,-0.026435163,-0.01869537
1324,launch,0.26993704,0.12099432
1325,koreas,0.5160941,-0.010621144
1326,japans,-0.31808433,-0.00022902004
1327,isn’t,-0.12434719,-0.023698226
1328,hot,0.2736501,-0.00067389384
1329,hosts,-0.2182029,-0.02351791
1330,hands,0.15363058,0.0044324487
1331,half,0.06348416,0.031634163
1332,gov,0.6362358,-0.045371827
1333,experts,0.12673771,-0.002239959
1334,draws,0.18037832,-0.0382351
1335,dollars,-0.81685895,0.022898098
1336,delivers,0.93629396,-0.042133454
1337,delay,0.33938542,0.07219221
1338,cooperation,-0.25626698,-0.00057133933
1339,continues,0.57586175,0.015932128
1340,condemns,-0.5526978,-0.030959917
1341,concerns,-0.0014963101,0.020760786
1342,commerce,0.010746129,-0.026941791
1343,cash,-0.78964347,-0.093303
1344,ca,-0.5391987,-0.036178797
1345,base,-0.1916146,-0.00822477
1346,asylum,0.23424283,0.04617653
1347,anyone,-0.49322644,0.061523546
1348,alleged,0.47344822,-0.032519232
1349,airport,0.006322517,0.025755161
1350,abe,-0.3243472,0.03200862
1351,6,0.086814545,0.009527357
1352,2017,0.3627433,0.043155648
1353,“racist”,-0.19182241,-0.118755035
1354,watchdog,0.50623846,-0.019852608
1355,vice,0.27979684,0.014854524
1356,treatment,0.42412916,0.06709836
1357,thugs,-0.16718957,0.030755017
1358,thought,-0.458183,-0.025085913
1359,testify,-0.26679236,-0.03342455
1360,teen,0.13150111,-0.026380822
1361,teacher,0.10673643,0.010066387
1362,suicide,-0.072769955,0.021070141
1363,somali,-0.015004583,0.033888053
1364,shooter,0.32357812,0.012964891
1365,rnc,-0.4166605,0.076533936
1366,relationship,0.35290557,0.032379776
1367,regime,0.5061993,-0.030530822
1368,problem,0.09716093,-0.045285985
1369,point,0.13350765,0.014031456
1370,overhaul,-0.4081717,0.106489435
1371,outside,0.036521,-0.009433988
1372,others,0.43248728,0.027169386
1373,nothing,0.3578406,-0.015602679
1374,month,0.18717442,-0.02127322
1375,met,0.5484446,-0.045888335
1376,longer,0.5766661,-0.0018643796
1377,leaked,-0.47405285,0.04821216
1378,leading,0.55268484,-0.046922237
1379,kushner,0.2941751,0.06895152
1380,international,0.29513952,-0.04896973
1381,inside,0.09981629,0.024297154
1382,hotel,-0.053712953,0.019705722
1383,harvey,0.41861627,0.05908821
1384,guilty,-0.21352491,-0.05562905
1385,focus,-0.3143439,0.010882366
1386,farright,0.03564034,0.057585597
1387,explain,0.36157295,-0.026731389
1388,exit,-0.31887722,0.027604612
1389,exactly,0.6650802,-0.10039351
1390,entire,0.21771806,-0.06370875
1391,endorses,0.14858778,0.0037121
1392,dialogue,-0.17751747,-0.00374927
1393,criticizes,-0.22653854,-0.008914167
1394,counsel,0.15484244,0.013524916
1395,continue,-0.040325534,-0.060908426
1396,chuck,0.3699829,0.06197445
1397,chaos,-0.10014418,0.063166626
1398,center,0.2894057,0.042857014
1399,bus,0.22863618,0.06540859
1400,blocks,0.82444024,-0.0029933045
1401,bizarre,-0.28100976,-0.058311965
1402,attend,-0.4414483,0.0049019726
1403,attempt,-0.11150954,0.06978993
1404,aren’t,0.083731174,-0.03699604
1405,17,0.43675098,0.12533401
1406,“you,0.17814523,-0.00016674174
1407,you’ll,-0.08566512,0.036370505
1408,whining,-0.13660122,0.030335063
1409,weighs,0.0832138,-0.03053199
1410,waiting,-0.7332912,0.0069186976
1411,wage,-0.2977778,-0.0081334
1412,visa,-0.489431,0.021781867
1413,van,-0.20781605,0.06562747
1414,unity,-0.40584376,0.020088393
1415,trumprussia,-0.51380736,-0.043360274
1416,supports,-0.48735222,-0.026674876
1417,small,0.27407697,-0.07913646
1418,sec,-0.9194564,-0.044550855
1419,scott,-0.17664826,0.0300361
1420,robert,0.09545581,0.0058994284
1421,risk,-0.15937404,-0.057102244
1422,reasons,-0.175098,0.05689494
1423,pulls,-0.06617585,-0.017665133
1424,posts,0.08583202,0.10198094
1425,plot,0.090991594,0.09031819
1426,pathetic,0.14403442,0.04025824
1427,nuts,0.35389593,-0.036446642
1428,netanyahu,-0.3046585,-0.066873595
1429,nails,-0.23491515,0.028276343
1430,missing,0.37891108,0.0079502985
1431,many,0.3134608,0.042899936
1432,looms,0.40260768,0.016560568
1433,lied,-0.47819144,0.04868323
1434,leads,0.8768225,0.01180733
1435,lavrov,0.28367183,-0.08147711
1436,lady,0.03793709,0.040797833
1437,idea,2.0209484,0.0030110276
1438,hypocrisy,-0.29018155,-0.00086622714
1439,homeland,0.19614795,0.020662108
1440,he’ll,0.25287947,0.0033813205
1441,hand,-0.07470779,-0.001874167
1442,guess,0.253199,-0.10647778
1443,gowdy,0.038276106,0.04054324
1444,father,-0.05835877,0.058118436
1445,families,-0.04976907,0.0021785297
1446,expected,-0.09673177,-0.027027015
1447,enough,-0.076471984,0.05462687
1448,electoral,0.35905656,-0.022160374
1449,dispute,0.30382887,-0.035360344
1450,die,0.5661697,-0.012734981
1451,deals,-0.39602894,0.021277718
1452,concerned,0.14401798,0.06778927
1453,committed,-0.26036602,-0.01603777
1454,clintons,-0.31983632,-0.12601708
1455,clash,0.32647634,-0.03467606
1456,cannot,-0.30744988,-0.058372382
1457,campus,-0.040614206,-0.023369113
1458,broke,0.27659607,-0.010303321
1459,brazil,0.20058468,0.020632196
1460,australian,0.3548817,0.013433326
1461,attempts,0.47583312,-0.101607814
1462,18,0.20354307,0.030959617
1463,12,0.41135404,-0.050379924
1464,11,-0.20594019,0.0066308635
1465,“this,0.03716373,0.03650432
1466,went,0.59749866,0.058059495
1467,weeks,-0.5359471,-0.00054316147
1468,undercover,-0.045922443,0.03433876
1469,trudeau,-0.2135367,0.09531751
1470,trey,0.017775193,-0.008564396
1471,thursday,0.27058306,-0.053468786
1472,threatening,-0.4162299,0.056573182
1473,suspect,0.6722203,-0.04876941
1474,suggests,-0.21808495,-0.037468854
1475,stupid,-0.1783184,-0.0071549327
1476,store,-0.49177003,-0.011268025
1477,station,-0.8905194,0.027435428
1478,speaking,-0.09895225,0.020336645
1479,sentence,-0.5279341,0.05415383
1480,scam,-0.13027544,0.035588946
1481,san,0.34687978,-0.027206644
1482,sales,0.14871196,0.015839742
1483,safe,0.27108833,0.030443475
1484,ridiculous,0.027880438,-0.0212958
1485,reuters,-0.6871806,-0.036654238
1486,region,0.02828478,0.023930658
1487,recount,0.34064877,-0.06825048
1488,protester,-0.31216198,0.01892608
1489,process,0.10197015,0.031368896
1490,presidents,0.03313231,-0.002531398
1491,policies,-0.061053667,0.010171716
1492,nomination,-0.45214295,-0.050921127
1493,mother,-0.11768709,-0.025871618
1494,mnuchin,-0.7867609,0.0074381437
1495,memorial,0.0739593,-0.015254268
1496,me,-0.53961736,-0.044026967
1497,mays,0.16014387,0.03850372
1498,manafort,-0.1490893,0.026876194
1499,leaving,-0.2055649,0.0028380798
1500,late,0.5032519,0.012124124
1501,kkk,-0.45557,0.0062955013
1502,kasich,-0.38433337,-0.07146648
1503,jeff,-0.20785885,-0.01950565
1504,islamist,-0.27961886,0.0058564637
1505,injured,0.07829159,0.04384584
1506,helping,-0.32889065,-0.022309544
1507,gingrich,-0.025548348,0.029296283
1508,fix,0.23209876,-0.02348448
1509,files,-0.66931736,0.046918828
1510,expert,-0.23361167,-0.01758831
1511,european,0.05288563,-0.009266334
1512,eric,0.12371523,-0.014710738
1513,endorsement,-0.40154535,-0.025274254
1514,easy,0.3509438,0.01384768
1515,donors,0.38276026,-0.043143224
1516,defending,0.18094516,0.08268228
1517,credit,0.39058647,-0.061926965
1518,confident,0.11335295,-0.09547274
1519,citizen,-0.098084934,-0.006616366
1520,charity,0.11641662,0.017288025
1521,brings,-0.39936227,0.031853803
1522,body,-0.12906657,-0.053961482
1523,banks,-0.1830737,0.009007843
1524,audience,1.9305907,-0.015184968
1525,apart,-0.029604468,0.0422264
1526,ads,-0.33506796,-0.006675069
1527,accept,0.13926947,-0.035725277
1528,“he,-0.563387,-0.024109447
1529,word,0.23403968,-0.008379281
1530,whines,-0.15223832,-0.06554234
1531,vegas,-0.2468223,-0.031726148
1532,unreal,0.25017518,-0.073000506
1533,trust,0.5895912,0.015855253
1534,through,0.29932055,0.018517323
1535,sweden,0.025410105,0.04943936
1536,strategy,0.023787836,-0.014310777
1537,starts,-0.32400006,0.028239207
1538,stance,-0.5014312,-0.0039609843
1539,snl,-0.22470096,0.054270606
1540,shutdown,0.006268287,-0.08616499
1541,schumer,0.288298,0.0071275807
1542,rise,0.12451773,0.041584603
1543,riots,-0.08164862,-0.046844143
1544,respond,-0.26486737,-0.058630876
1545,reportedly,0.4385656,0.08303347
1546,relief,0.36002797,0.006415825
1547,regional,0.26626533,-0.0064064283
1548,ratings,0.11527961,-0.03608547
1549,radio,-0.6443729,-0.022508735
1550,probes,-0.39495897,-0.04472989
1551,position,0.3198268,0.07699743
1552,past,0.24430123,0.03730929
1553,options,0.32755163,0.008784073
1554,opposes,-0.36521325,-0.06412761
1555,nyt,0.27793387,0.056074195
1556,newspaper,-0.5886862,-0.023270577
1557,lynch,-0.39687464,0.05548535
1558,low,-0.063503735,0.054760028
1559,joint,-0.57827187,-0.06574101
1560,jimmy,-0.30246848,0.013303971
1561,irs,-0.19123189,-0.060306255
1562,instead,-0.5397158,0.042479817
1563,hospital,-0.12774123,0.07841427
1564,historic,0.46260357,-0.0021406023
1565,happy,-0.004495358,-0.049222782
1566,ground,-0.23367275,-0.010443807
1567,google,0.15692194,-0.058247577
1568,gonna,-0.6778029,0.037493348
1569,fit,-0.10501145,-0.012462398
1570,fellow,-0.4847479,-0.0009366
1571,famous,-0.34731087,-0.03052217
1572,fail,-0.27008486,0.027748216
1573,drive,0.2770389,-0.072580285
1574,diplomatic,0.695519,0.09964629
1575,dept,0.3203535,0.04429793
1576,consider,0.6049934,0.00838915
1577,complete,-0.18026644,-0.03989315
1578,compares,0.4478856,0.009380791
1579,commander,-0.8079857,0.018584993
1580,christians,0.5808772,0.06967089
1581,building,0.03409891,0.10328893
1582,brother,0.2252124,-0.055658527
1583,bombers,0.4142094,-0.0072883666
1584,bannon,0.74166983,-0.036292322
1585,banned,0.34628016,-0.025336992
1586,allowed,0.1740596,-0.02939663
1587,aim,-0.29530326,-0.027782425
1588,africas,0.01488944,0.037593532
1589,advisor,0.29737613,0.017153256
1590,actions,0.19606069,0.00648956
1591,abc,-0.46803382,-0.037702292
1592,9,0.03262024,0.03578035
1593,30,0.53956217,0.058047894
1594,25,0.46651697,-0.025103781
1595,“i’m,0.025549058,0.0108435685
1596,“if,-0.7263169,-0.0267126
1597,wire,-0.112187766,-0.06930706
1598,trumpcare,0.14199218,0.040594507
1599,truck,0.37350366,0.053229373
1600,thanks,0.6954387,-0.0044834474
1601,suspends,-0.65061426,-0.061740063
1602,susan,0.2502472,0.0030266328
1603,someone,-0.41674525,0.058491025
1604,road,0.21408765,0.04492313
1605,resignation,0.23593953,-0.00073351705
1606,remain,0.37742707,-0.086175635
1607,reid,0.06773928,0.062827125
1608,reforms,0.49595493,-0.0071590585
1609,reality,0.5873668,-0.07658001
1610,proposes,-0.08828794,-0.020477608
1611,problems,-0.075009614,-0.04763101
1612,primary,-0.50523204,-0.0072329035
1613,planning,0.20861241,0.050330855
1614,path,0.7127158,-0.051691152
1615,officers,-0.17702024,-0.0010187437
1616,numbers,-0.4455499,-0.055682234
1617,nazi,0.60249025,-0.026044343
1618,militia,0.03776475,0.011587022
1619,mi,-0.60958606,-0.008288523
1620,memo,0.09704675,0.055323817
1621,losing,0.28291607,0.013660733
1622,lawyers,0.039210133,-0.05551849
1623,land,0.28416306,-0.025953928
1624,kim,-0.4781624,0.04507546
1625,kansas,-0.5799436,-0.1009648
1626,june,-0.29676443,-0.007976203
1627,jeb,-0.25069052,0.083328165
1628,indonesian,0.18199594,0.0431096
1629,increase,-0.34088522,0.0006777676
1630,having,0.38886866,-0.0025243557
1631,happen,0.48255065,0.063289076
1632,halt,0.61689436,-0.025419567
1633,guard,-0.330648,-0.02016696
1634,graft,0.18208222,0.12582621
1635,gorsuch,-0.77972776,-0.05400406
1636,forward,0.5858729,-0.013215286
1637,feel,0.3077307,-0.0041687237
1638,fan,0.08003773,-0.006917173
1639,false,0.1295981,0.033412617
1640,failed,0.35064393,-0.077706136
1641,drone,1.1554393,-0.05847443
1642,diplomats,0.10274123,0.040809516
1643,dies,-0.33254153,-0.022536302
1644,dallas,0.077985354,-0.036756415
1645,critical,0.08160797,0.032558154
1646,crimes,0.195753,-0.08012989
1647,cover,-0.18286084,0.018043553
1648,cost,0.200362,-0.017919771
1649,controversial,0.68257296,0.033875044
1650,completely,-0.042374425,0.006125802
1651,collusion,0.14360869,0.006956508
1652,colbert,0.09740331,-0.048518397
1653,burn,0.017597552,-0.03319121
1654,brussels,-0.0014874133,-0.05530801
1655,brilliantly,-0.6775463,0.001123499
1656,blood,0.5192434,-0.048027568
1657,blast,-0.24665125,-0.051584106
1658,blacks,0.069705434,0.019058893
1659,bills,-0.1764187,-0.0018540033
1660,berkeley,0.16482492,-0.03644893
1661,baghdad,0.5588565,0.05715413
1662,backing,0.61223495,0.015783915
1663,arizona,-0.26629415,0.060292635
1664,april,0.662859,0.07244208
1665,alert,-0.1372107,0.013488938
1666,ago,0.4023246,-0.012643122
1667,admit,0.1631032,0.025136814
1668,accidentally,0.12656668,-0.014959286
1669,24,-0.39349067,0.02074934
1670,14,-0.41081452,0.012807209
1671,—,0.23463947,-0.03373504
1672,worked,0.52128994,-0.026269998
1673,won,-0.9725011,0.054762546
1674,welfare,-0.20136215,-0.0022642121
1675,wednesday,-0.36784756,0.011374643
1676,torture,-0.18688597,0.033584826
1677,that’s,0.32603988,0.06478347
1678,tech,0.22108614,0.045180947
1679,taken,0.3124167,0.0118252905
1680,swedish,-0.5256809,0.01790145
1681,sudan,0.18684906,0.048649848
1682,stephen,-0.35820138,-0.09445871
1683,spying,0.6428394,-0.08486898
1684,sharia,0.91888386,0.0042387256
1685,putting,0.60933566,0.037541974
1686,pushes,-0.0868485,0.021253923
1687,priceless,-0.27203676,-0.05008969
1688,popular,0.022347437,-0.04004708
1689,pledges,0.1151072,-0.0112510305
1690,pledge,-0.68083143,0.06729275
1691,plane,-0.078291945,-0.09734791
1692,phony,-0.09106313,0.03658024
1693,orlando,0.03848746,0.021598224
1694,nominate,-0.19006026,0.046690993
1695,nightmare,0.1288811,-0.025716987
1696,nearly,-0.3965494,0.045734085
1697,mock,0.379204,-0.023702098
1698,meddling,-0.62327534,0.003741541
1699,marriage,-0.1567473,0.011610726
1700,mainstream,-0.69462055,-0.038212232
1701,lower,-0.011890489,0.0426759
1702,killer,0.077839345,0.08966257
1703,japanese,0.3574526,-0.031109072
1704,hunt,-1.2616756,-0.05655311
1705,holds,0.067620225,-0.0019201319
1706,holding,0.25779012,0.027074274
1707,hispanic,0.21366817,0.0035902285
1708,harry,0.17651068,-0.10701313
1709,given,0.67485636,0.0043859757
1710,giuliani,0.23380226,0.038264897
1711,fuel,-0.0155768,-0.09966665
1712,fears,-0.5890044,-0.01842498
1713,expose,-0.3666661,0.035984498
1714,expects,0.6068305,0.011690781
1715,everything,0.46331158,0.015773147
1716,dossier,0.052058805,-0.07703125
1717,discussed,-0.6965268,-0.030596834
1718,dhs,0.06267104,0.076735586
1719,deadly,-0.5626091,0.010341037
1720,courts,-0.28772986,0.06969312
1721,countries,0.2953825,0.07844543
1722,classified,-1.1150761,-0.010800725
1723,chelsea,-0.37560937,0.037814997
1724,cause,-0.07787034,-0.020931669
1725,buy,-0.2725455,0.021559902
1726,brazils,0.028484361,0.03744901
1727,behavior,0.34464496,0.03247203
1728,becomes,-0.5862429,0.02804517
1729,beating,0.22402902,-0.04006642
1730,amendment,-0.088888735,0.012873621
1731,amazing,-0.39307263,0.02655602
1732,7,-0.14020732,-0.008348873
1733,“not,-0.44923574,-0.050237987
1734,‘fake,0.0017802456,0.00097425585
1735,which,-0.9436615,0.024413042
1736,whether,-0.41766515,0.026110789
1737,we’re,0.4660297,0.037057623
1738,usa,0.46804374,-0.043256514
1739,unlikely,0.13055505,-0.028890112
1740,standing,-0.16043916,0.034928344
1741,situation,-0.090985134,0.027389588
1742,silence,0.68309623,0.04590973
1743,shreds,-0.23971137,-0.05645542
1744,shoot,-0.25827417,0.111862496
1745,sharpton,-0.2582646,-0.090562224
1746,ross,0.1156442,-0.05679852
1747,resolve,-0.505808,-0.024572033
1748,records,0.027840288,0.025127362
1749,poland,-0.27291408,0.029985212
1750,photos,0.27712345,0.07888123
1751,oversight,0.21278262,-0.03850335
1752,outrageous,-0.051856283,0.008036496
1753,outrage,0.2473003,-0.011631743
1754,once,0.407136,-0.05201463
1755,neil,-0.054738894,0.09489157
1756,myanmars,0.71225965,0.016186453
1757,mn,-0.39398974,-0.101311736
1758,marco,-0.102956064,0.019015076
1759,listen,-0.85763544,0.09742145
1760,kimmel,-0.519936,0.03137733
1761,keeps,0.23566233,-0.07134971
1762,judges,0.41960713,-0.019954259
1763,jones,-0.84513974,-0.014597059
1764,it”,0.13647197,0.069249
1765,islam,-0.43322894,0.032352354
1766,irans,-0.6858204,-0.031125922
1767,infrastructure,0.057517882,0.032575354
1768,indian,-0.32101634,0.099513076
1769,independent,-0.12476001,0.030761464
1770,hopeful,0.71223676,0.013194262
1771,hitler,-0.23265226,-0.08402849
1772,hiding,0.14843391,-0.1157021
1773,helped,-0.38660124,-0.06805402
1774,hateful,0.14772433,0.087080956
1775,gone,-0.020212248,0.029045876
1776,gold,-0.008352898,0.019085305
1777,god,0.17669463,-0.038698778
1778,glorious,0.4105367,-0.025501907
1779,georgia,0.24007763,-0.07243858
1780,flight,-0.058604542,-0.0015720777
1781,fall,0.20956816,0.013715678
1782,failure,0.41436633,-0.022859795
1783,facing,-0.2725511,-0.024198577
1784,explodes,-0.049787432,0.05414352
1785,duterte,0.17424203,-0.03743236
1786,draft,-0.016968662,-0.00045336536
1787,dirty,-0.04850051,-0.039880432
1788,defeat,0.40905765,-0.024661796
1789,deep,0.18016353,0.034127332
1790,david,0.509044,0.09700055
1791,cuomo,0.8309609,-0.07046661
1792,cross,-0.13297547,0.025714016
1793,course,-0.022338148,-0.013517301
1794,congo,-0.05213108,-0.015142799
1795,collapse,0.35556695,-0.033440895
1796,cheer,0.06175819,0.04481926
1797,charlottesville,-0.35235098,0.041717205
1798,chance,0.13720407,0.0062879077
1799,cancels,-0.3400131,-0.03969569
1800,camp,-0.07704362,0.023618095
1801,bombing,0.018811677,-0.03221121
1802,blocked,-0.07178094,0.024055908
1803,beijing,-0.09102783,0.06641538
1804,allowing,-0.08128207,0.035956517
1805,aims,0.6765783,0.028634017
1806,actress,0.35874125,-0.01811202
1807,account,0.19243625,0.0017475777
1808,witch,0.15327916,0.028522417
1809,willing,-0.062447324,0.045279764
1810,welcomes,-0.19150248,-0.02583055
1811,website,-0.4522349,-0.03644814
1812,va,1.1164311,-0.06512267
1813,tx,0.20449786,-0.05801572
1814,tim,0.2445818,-0.04914691
1815,there’s,-0.29594773,0.00718791
1816,thanksgiving,-0.5618125,-0.049522605
1817,tears,0.0027912448,-0.02904327
1818,teachers,-0.5780962,-0.00879666
1819,sued,-0.22617501,0.023090452
1820,straight,-0.13406259,0.027521508
1821,steal,-0.032991853,0.06804352
1822,showing,-0.23328063,-0.019848287
1823,shares,0.072277196,-0.027688475
1824,safety,0.30915192,0.046872754
1825,runs,-0.1583875,0.15606073
1826,rice,0.12935482,0.06283911
1827,rhetoric,0.33671495,0.020229831
1828,respect,-0.12192701,-0.0105063645
1829,rescue,0.0556414,-0.093086205
1830,removed,-0.5585831,0.181145
1831,reject,0.08031995,0.12388789
1832,regulations,-0.61995214,0.046602927
1833,rate,0.04247941,0.018093148
1834,prove,0.050702862,0.062288143
1835,protrump,-0.6151547,-0.1175037
1836,propaganda,0.24370947,0.0037752516
1837,price,0.18628074,-0.014234452
1838,presses,-0.25151026,0.04731369
1839,president”,0.17431314,-0.018219598
1840,poor,-0.049688265,0.0449795
1841,politico,-0.26685125,0.006999589
1842,pennsylvania,-0.002181493,-0.03234031
1843,paying,0.16985199,0.028421981
1844,park,0.019395314,0.029172767
1845,parade,0.33856064,0.023762867
1846,ordered,-0.43775466,-0.060295925
1847,opening,0.36751634,-0.013313167
1848,online,0.06925233,-0.010911205
1849,newt,0.31590053,-0.017760046
1850,network,-1.28954,-0.06178483
1851,moving,0.04981537,-0.027639996
1852,movement,0.18025818,-0.043028053
1853,miss,-0.3203553,0.05774511
1854,mic,-0.32253835,-0.020323634
1855,measures,0.070895754,0.009608724
1856,massacre,0.41879207,0.04935487
1857,martin,-0.32280347,-0.027608288
1858,local,-0.21661286,0.01071812
1859,linked,-0.04643576,-0.0017645499
1860,latino,-0.5516965,0.058460407
1861,kidding,-0.22165355,-0.08607052
1862,kid,-1.0548866,0.056718938
1863,kenyan,0.19903375,-0.018584462
1864,italy,-0.07767064,-0.0033276766
1865,investment,-0.30700716,0.043249257
1866,insurance,-0.18784091,-0.047344547
1867,info,0.22494645,-0.07289519
1868,hypocrite,0.39379537,0.01786646
1869,hours,0.028718488,-0.023593992
1870,hires,0.23926145,-0.07934542
1871,hear,-0.23516774,-0.018882308
1872,handed,-0.08626144,-0.032649115
1873,haley,0.48264444,0.0377863
1874,games,-0.25673398,0.02834802
1875,fcking,-0.28396875,-0.0223892
1876,explode,0.21899322,0.0074679353
1877,episode,0.13976282,-0.0047003813
1878,environmental,-0.12530403,-0.021221189
1879,door,-0.6991234,-0.0063028987
1880,disabled,-0.30955335,0.012675085
1881,dinner,-0.6799223,-0.055576585
1882,decide,-0.3247305,0.01673952
1883,critics,-0.21255837,0.0019360381
1884,crash,0.038417444,-0.009678857
1885,coulter,0.045071952,-0.019361615
1886,conflict,-0.0011199116,-0.058900237
1887,commission,-0.017510623,0.011313057
1888,chilling,0.4499178,0.033254478
1889,ceasefire,0.17808639,-0.033126112
1890,castro,-0.112459004,-0.032683417
1891,captures,0.43951976,0.0032630404
1892,burns,-1.1011686,0.037210513
1893,briefing,-0.12111987,-0.03573572
1894,brave,0.28300563,-0.07854506
1895,brags,-0.7308281,0.010909655
1896,blows,-0.14201514,0.0667455
1897,blaming,-0.17108336,-0.035511803
1898,beaten,0.055748805,-0.012067407
1899,austrian,0.49182191,0.022199871
1900,answers,0.3542706,0.12581694
1901,africa,-0.026460228,0.007923808
1902,“white,0.062252566,0.01592755
1903,“it’s,-0.38174874,-0.015353276
1904,‘i,-0.078181386,0.002774717
1905,zealand,-0.20072058,0.014945162
1906,western,-0.33275205,-0.01767417
1907,view,-0.24148487,-0.06725413
1908,vet,-0.0004913719,-0.019391604
1909,trolls,-0.20723875,-0.037971467
1910,trashes,-0.0020537777,0.022879448
1911,tom,0.10679366,-0.0035774582
1912,targeted,0.25604013,0.05923319
1913,tantrum,-0.24425744,-0.046958078
1914,stunned,0.13461556,-0.018345976
1915,sons,0.1602125,-0.023419771
1916,shouldn’t,0.14293727,0.040115535
1917,shoots,-0.12094301,0.062051054
1918,several,-0.84285694,-0.012378377
1919,server,-0.08266613,0.0029408955
1920,sending,0.32167003,0.03658078
1921,sen,-0.024708807,0.007079652
1922,search,-0.39404365,-0.01696214
1923,scalia,-0.20907633,-0.034808554
1924,saturday,0.4117032,-0.066542745
1925,rock,0.264649,0.06302981
1926,riot,0.24209523,0.032956485
1927,replacement,-0.4644414,-0.013678053
1928,regrets,-0.8905046,0.05891134
1929,raid,-0.24957028,0.010815715
1930,queen,0.19030143,0.022152968
1931,proposed,0.3479955,-0.035688456
1932,proposal,-0.50850564,-0.028650396
1933,promote,-0.24341604,0.0068573346
1934,priebus,-0.17307366,0.02617105
1935,page,0.014874935,-0.09311767
1936,openly,0.5565824,0.009534511
1937,november,0.54712003,0.07667561
1938,nigeria,-0.09044063,-0.049315218
1939,needed,-0.054062214,0.016338885
1940,multiple,-0.00011138794,-0.009967233
1941,monday,-0.26618382,0.061707087
1942,ministers,0.002156898,-0.021478625
1943,mean,-0.42938644,0.0029434247
1944,marine,0.7454013,0.091393225
1945,lot,-0.53818667,-0.05688087
1946,looking,0.14938475,6.96339e-05
1947,links,0.24258108,0.09950767
1948,leftists,0.4483469,0.01522768
1949,lee,-0.15279177,-0.043445338
1950,joke,-0.36678395,-0.04846027
1951,joins,-0.04134461,0.004272459
1952,i’m,0.26292852,0.015723752
1953,interest,-0.07005382,0.024598697
1954,incident,-0.62763953,0.03613614
1955,huckabee,-0.48788166,-0.038245577
1956,hezbollah,-0.19137543,0.032491338
1957,gulf,-0.16996768,-0.004370687
1958,funeral,-0.11076627,0.017098714
1959,friends,0.27204937,-0.039988462
1960,floor,-0.073409095,-0.0384159
1961,flee,-0.101704076,0.027027484
1962,firms,0.19510496,0.018847696
1963,fighters,0.16002402,-0.0869971
1964,fact,0.35029608,-0.019489339
1965,enforcement,-0.34191793,-0.03712474
1966,emergency,0.4070539,-0.031650044
1967,drill,0.15809676,0.015519992
1968,document,-0.0018840084,0.023972169
1969,direct,-0.44665626,0.018181598
1970,detains,0.031612832,0.1037464
1971,dark,0.84052914,0.13151546
1972,damage,-0.23835704,-0.020941624
1973,daily,0.04828926,0.0022516903
1974,couple,-0.08133744,0.011010856
1975,costs,0.25011158,0.060124587
1976,corrupt,1.5652449,-0.0015562288
1977,convicted,0.09019333,0.060900863
1978,considering,-0.15540877,0.0068446393
1979,cold,0.03411045,-0.116806924
1980,closed,0.54849386,0.00071815494
1981,cases,0.1273716,0.09148281
1982,career,-0.5545734,-0.010333912
1983,canadian,0.22061007,0.004754433
1984,canadas,-0.044290952,-0.017977398
1985,blocking,-0.110695906,-0.017955115
1986,beautiful,-0.22192764,-0.036257688
1987,based,0.17671908,-0.03859155
1988,bar,-0.03385917,-0.05078844
1989,ballot,0.15052164,-0.117072046
1990,ballistic,0.06290586,0.00069939723
1991,asian,0.28433824,0.056348838
1992,america”,0.10936332,0.07267715
1993,agreement,0.07189098,-0.004400983
1994,60,0.6592141,0.0674721
1995,21,0.0127021605,0.07819647
1996,zone,-0.4566938,0.009931574
1997,worried,-1.1757275,-0.04945238
1998,vile,0.47845653,0.012545772
1999,viewers,-0.47554746,0.02513217
